stateid,statename,year,vio,mur,shall
1,Alabama,1977,414.3999939,14.19999981,0
1,Alabama,1978,419.1000061,13.30000019,0
1,Alabama,1979,413.2999878,13.19999981,0
1,Alabama,1980,448.5,13.19999981,0
1,Alabama,1981,470.5,11.89999962,0
1,Alabama,1982,447.7000122,10.60000038,0
1,Alabama,1983,416,9.199999809,0
1,Alabama,1984,431.2000122,9.399999619,0
1,Alabama,1985,457.5,9.800000191,0
1,Alabama,1986,558,10.10000038,0
1,Alabama,1987,559.2000122,9.300000191,0
1,Alabama,1988,558.5999756,9.899999619,0
1,Alabama,1989,590.7999878,10.19999981,0
1,Alabama,1990,708.5999756,11.60000038,0
1,Alabama,1991,844.2000122,11.5,0
1,Alabama,1992,871.7000122,11,0
1,Alabama,1993,780.4000244,11.60000038,0
1,Alabama,1994,683.7000122,11.89999962,0
1,Alabama,1995,632.4000244,11.19999981,0
1,Alabama,1996,565.4000244,10,0
1,Alabama,1997,564.5,9.899999619,0
1,Alabama,1998,512.0999756,8.100000381,0
1,Alabama,1999,490.2000122,7.900000095,0
2,Alaska,1977,443.2000122,10.80000019,0
2,Alaska,1978,441.8999939,12.89999962,0
2,Alaska,1979,491.1000061,13.30000019,0
2,Alaska,1980,436,8.899999619,0
2,Alaska,1981,615.7999878,14.60000038,0
2,Alaska,1982,623.7000122,18.5,0
2,Alaska,1983,613.7999878,13.80000019,0
2,Alaska,1984,621.5999756,11.60000038,0
2,Alaska,1985,581.7999878,9.800000191,0
2,Alaska,1986,570.4000244,8.600000381,0
2,Alaska,1987,455.3999939,10.10000038,0
2,Alaska,1988,522.7999878,5.699999809,0
2,Alaska,1989,497.7000122,8,0
2,Alaska,1990,524.5,7.5,0
2,Alaska,1991,613.9000244,7.400000095,0
2,Alaska,1992,660.5,7.5,0
2,Alaska,1993,760.7999878,9,0
2,Alaska,1994,766.2999878,6.300000191,0
2,Alaska,1995,770.9000244,9.100000381,1
2,Alaska,1996,727.7000122,7.400000095,1
2,Alaska,1997,701.0999756,8.899999619,1
2,Alaska,1998,653.9000244,6.699999809,1
2,Alaska,1999,631.5,8.600000381,1
4,Arizona,1977,494.2000122,9.5,0
4,Arizona,1978,552.0999756,9.399999619,0
4,Arizona,1979,593,8.899999619,0
4,Arizona,1980,650.9000244,10.30000019,0
4,Arizona,1981,575.7999878,8.100000381,0
4,Arizona,1982,517,8.300000191,0
4,Arizona,1983,494.2000122,7.199999809,0
4,Arizona,1984,516.0999756,7.800000191,0
4,Arizona,1985,602.5,8,0
4,Arizona,1986,658.2999878,9.300000191,0
4,Arizona,1987,612.5999756,7.5,0
4,Arizona,1988,610.0999756,8.5,0
4,Arizona,1989,599.5999756,6.699999809,0
4,Arizona,1990,652.4000244,7.699999809,0
4,Arizona,1991,670.7000122,7.800000191,0
4,Arizona,1992,670.7999878,8.100000381,0
4,Arizona,1993,715,8.600000381,0
4,Arizona,1994,703.0999756,10.5,0
4,Arizona,1995,713.5,10.39999962,1
4,Arizona,1996,631.5,8.5,1
4,Arizona,1997,623.7000122,8.199999809,1
4,Arizona,1998,577.9000244,8.100000381,1
4,Arizona,1999,551.2000122,8,1
5,Arkansas,1977,322.8999939,8.800000191,0
5,Arkansas,1978,344.1000061,9.100000381,0
5,Arkansas,1979,366.2000122,9.100000381,0
5,Arkansas,1980,335.2000122,9.199999809,0
5,Arkansas,1981,310.2999878,9.100000381,0
5,Arkansas,1982,324.7000122,8.199999809,0
5,Arkansas,1983,297.7000122,7.599999905,0
5,Arkansas,1984,321.3999939,7.5,0
5,Arkansas,1985,347.6000061,7.900000095,0
5,Arkansas,1986,394.7999878,8.100000381,0
5,Arkansas,1987,412,7.599999905,0
5,Arkansas,1988,422.7000122,8.699999809,0
5,Arkansas,1989,473.7000122,8.399999619,0
5,Arkansas,1990,532.2000122,10.30000019,0
5,Arkansas,1991,593.2999878,11.10000038,0
5,Arkansas,1992,576.5,10.80000019,0
5,Arkansas,1993,593.2999878,10.19999981,0
5,Arkansas,1994,595.0999756,12,0
5,Arkansas,1995,553.2000122,10.39999962,0
5,Arkansas,1996,524,9,1
5,Arkansas,1997,526.9000244,9.899999619,1
5,Arkansas,1998,490.2000122,7.900000095,1
5,Arkansas,1999,425.2000122,5.599999905,1
6,California,1977,706,11.5,0
6,California,1978,742.9000244,11.69999981,0
6,California,1979,811.0999756,13,0
6,California,1980,893.5999756,14.5,0
6,California,1981,863,13,0
6,California,1982,814.7000122,11.19999981,0
6,California,1983,772.5999756,10.5,0
6,California,1984,763.4000244,10.60000038,0
6,California,1985,765.2999878,10.5,0
6,California,1986,920.5,11.30000019,0
6,California,1987,918,10.60000038,0
6,California,1988,929.7999878,10.39999962,0
6,California,1989,977.7000122,10.89999962,0
6,California,1990,1045.199951,11.89999962,0
6,California,1991,1089.900024,12.69999981,0
6,California,1992,1119.699951,12.69999981,0
6,California,1993,1077.800049,13.10000038,0
6,California,1994,1013,11.80000019,0
6,California,1995,966,11.19999981,0
6,California,1996,862.7000122,9.100000381,0
6,California,1997,798.2999878,8,0
6,California,1998,703.7000122,6.599999905,0
6,California,1999,627.2000122,6,0
8,Colorado,1977,511.8999939,6.300000191,0
8,Colorado,1978,498,7.300000191,0
8,Colorado,1979,522.0999756,5.800000191,0
8,Colorado,1980,528.5999756,6.900000095,0
8,Colorado,1981,531.7000122,8.100000381,0
8,Colorado,1982,504.2000122,6,0
8,Colorado,1983,476.3999939,6.400000095,0
8,Colorado,1984,457.7999878,5.800000191,0
8,Colorado,1985,471,5.800000191,0
8,Colorado,1986,523.5999756,7,0
8,Colorado,1987,467.5,5.800000191,0
8,Colorado,1988,472.6000061,5.699999809,0
8,Colorado,1989,471.3999939,4.400000095,0
8,Colorado,1990,526,4.199999809,0
8,Colorado,1991,559.2999878,5.900000095,0
8,Colorado,1992,578.7999878,6.199999809,0
8,Colorado,1993,567.2999878,5.800000191,0
8,Colorado,1994,509.6000061,5.400000095,0
8,Colorado,1995,440.2000122,5.800000191,0
8,Colorado,1996,404.5,4.699999809,0
8,Colorado,1997,363.2000122,4,0
8,Colorado,1998,377.8999939,4.599999905,0
8,Colorado,1999,340.5,4.599999905,0
9,Connecticut,1977,282.2999878,4.199999809,0
9,Connecticut,1978,315,4.199999809,0
9,Connecticut,1979,414.2000122,4.199999809,0
9,Connecticut,1980,412.5,4.699999809,0
9,Connecticut,1981,448.1000061,5.400000095,0
9,Connecticut,1982,399.5,5.199999809,0
9,Connecticut,1983,375,4.099999905,0
9,Connecticut,1984,393.7999878,3.900000095,0
9,Connecticut,1985,402,3.799999952,0
9,Connecticut,1986,425.7999878,4.599999905,0
9,Connecticut,1987,419,4.900000095,0
9,Connecticut,1988,455.3999939,5.400000095,0
9,Connecticut,1989,511.7999878,5.900000095,0
9,Connecticut,1990,553.7000122,5.099999905,0
9,Connecticut,1991,539.7000122,5.699999809,0
9,Connecticut,1992,495.2999878,5.099999905,0
9,Connecticut,1993,456.2000122,6.300000191,0
9,Connecticut,1994,455.5,6.599999905,0
9,Connecticut,1995,405.8999939,4.599999905,0
9,Connecticut,1996,412,4.800000191,0
9,Connecticut,1997,390.8999939,3.799999952,0
9,Connecticut,1998,366.2999878,4.099999905,0
9,Connecticut,1999,345.6000061,3.299999952,0
10,Delaware,1977,382.1000061,6,0
10,Delaware,1978,440.7000122,6.699999809,0
10,Delaware,1979,537.2999878,5.699999809,0
10,Delaware,1980,474.7999878,6.900000095,0
10,Delaware,1981,509,6.699999809,0
10,Delaware,1982,559.7999878,5.300000191,0
10,Delaware,1983,453.1000061,4.099999905,0
10,Delaware,1984,435.7000122,4.099999905,0
10,Delaware,1985,433.2999878,4.800000191,0
10,Delaware,1986,427,4.900000095,0
10,Delaware,1987,430.7000122,5.099999905,0
10,Delaware,1988,451.7000122,5.199999809,0
10,Delaware,1989,556.5,5.099999905,0
10,Delaware,1990,655.2000122,5,0
10,Delaware,1991,714.2999878,5.400000095,0
10,Delaware,1992,621.2000122,4.599999905,0
10,Delaware,1993,685.9000244,5,0
10,Delaware,1994,644.2999878,4.699999809,0
10,Delaware,1995,725,3.5,0
10,Delaware,1996,668.2999878,4.300000191,0
10,Delaware,1997,677.9000244,2.5,0
10,Delaware,1998,762.4000244,2.799999952,0
10,Delaware,1999,734,3.200000048,0
11,District of Columbia,1977,1426.5,27.79999924,0
11,District of Columbia,1978,1411.699951,28,0
11,District of Columbia,1979,1608.699951,27.39999962,0
11,District of Columbia,1980,2010.599976,31.5,0
11,District of Columbia,1981,2274.800049,35.09999847,0
11,District of Columbia,1982,2123.100098,30.70000076,0
11,District of Columbia,1983,1915.400024,29.39999962,0
11,District of Columbia,1984,1721.5,28.10000038,0
11,District of Columbia,1985,1624.800049,23.5,0
11,District of Columbia,1986,1505.300049,31,0
11,District of Columbia,1987,1610.300049,36.20000076,0
11,District of Columbia,1988,1921.599976,59.5,0
11,District of Columbia,1989,2141.899902,71.90000153,0
11,District of Columbia,1990,2458.199951,77.80000305,0
11,District of Columbia,1991,2453.300049,80.59999847,0
11,District of Columbia,1992,2832.800049,75.19999695,0
11,District of Columbia,1993,2921.800049,78.5,0
11,District of Columbia,1994,2662.600098,70,0
11,District of Columbia,1995,2661.399902,65,0
11,District of Columbia,1996,2469.800049,73.09999847,0
11,District of Columbia,1997,2024.199951,56.90000153,0
11,District of Columbia,1998,1718.5,49.70000076,0
11,District of Columbia,1999,1627.699951,46.40000153,0
12,Florida,1977,686.7999878,10.19999981,0
12,Florida,1978,765.5999756,11,0
12,Florida,1979,833.9000244,12.19999981,0
12,Florida,1980,983.5,14.5,0
12,Florida,1981,965.0999756,15,0
12,Florida,1982,896.7999878,13.5,0
12,Florida,1983,826.7000122,11.19999981,0
12,Florida,1984,868,11.5,0
12,Florida,1985,941.0999756,11.39999962,0
12,Florida,1986,1036.5,11.69999981,0
12,Florida,1987,1024.400024,11.39999962,0
12,Florida,1988,1117.699951,11.39999962,1
12,Florida,1989,1109.400024,11.10000038,1
12,Florida,1990,1244.300049,10.69999981,1
12,Florida,1991,1184.300049,9.399999619,1
12,Florida,1992,1207.199951,9,1
12,Florida,1993,1206,8.899999619,1
12,Florida,1994,1146.800049,8.300000191,1
12,Florida,1995,1071,7.300000191,1
12,Florida,1996,1051,7.5,1
12,Florida,1997,1023.599976,6.900000095,1
12,Florida,1998,938.7000122,6.5,1
12,Florida,1999,854,5.699999809,1
13,Georgia,1977,439.7999878,11.69999981,0
13,Georgia,1978,482.7999878,14.39999962,0
13,Georgia,1979,558.7000122,17.10000038,0
13,Georgia,1980,555.2999878,13.80000019,0
13,Georgia,1981,548.2000122,17.20000076,0
13,Georgia,1982,478.2000122,12.60000038,0
13,Georgia,1983,456.7000122,8.399999619,0
13,Georgia,1984,478.6000061,9.399999619,0
13,Georgia,1985,507.2000122,10.39999962,0
13,Georgia,1986,587.5999756,11.19999981,0
13,Georgia,1987,576.5,11.80000019,0
13,Georgia,1988,665.2999878,11.69999981,0
13,Georgia,1989,735.7999878,12.69999981,0
13,Georgia,1990,756.2999878,11.80000019,1
13,Georgia,1991,738.2000122,12.80000019,1
13,Georgia,1992,733.2000122,11,1
13,Georgia,1993,723.0999756,11.39999962,1
13,Georgia,1994,667.7000122,10,1
13,Georgia,1995,657.0999756,9.5,1
13,Georgia,1996,638.7000122,8.600000381,1
13,Georgia,1997,606.5999756,7.5,1
13,Georgia,1998,572.7000122,8.100000381,1
13,Georgia,1999,534,7.5,1
15,Hawaii,1977,224.8000031,7.199999809,0
15,Hawaii,1978,270.1000061,6.699999809,0
15,Hawaii,1979,289.7000122,7.199999809,0
15,Hawaii,1980,299.5,8.699999809,0
15,Hawaii,1981,247.6000061,4.800000191,0
15,Hawaii,1982,255.6999969,3.099999905,0
15,Hawaii,1983,252.1000061,5.599999905,0
15,Hawaii,1984,231.8999939,3.299999952,0
15,Hawaii,1985,219.3999939,4.099999905,0
15,Hawaii,1986,245.1999969,4.800000191,0
15,Hawaii,1987,263.2999878,4.800000191,0
15,Hawaii,1988,257.1000061,4,0
15,Hawaii,1989,270.1000061,4.800000191,0
15,Hawaii,1990,280.8999939,4,0
15,Hawaii,1991,241.8000031,4,0
15,Hawaii,1992,258.3999939,3.599999905,0
15,Hawaii,1993,261.2000122,3.799999952,0
15,Hawaii,1994,262.2000122,4.199999809,0
15,Hawaii,1995,295.6000061,4.699999809,0
15,Hawaii,1996,280.6000061,3.400000095,0
15,Hawaii,1997,277.8999939,4,0
15,Hawaii,1998,246.8999939,2,0
15,Hawaii,1999,235,3.700000048,0
16,Idaho,1977,236.8999939,5.5,0
16,Idaho,1978,236.3999939,5.400000095,0
16,Idaho,1979,288.7000122,5.400000095,0
16,Idaho,1980,313.3999939,3.099999905,0
16,Idaho,1981,283.2999878,4.5,0
16,Idaho,1982,259.2000122,2.5,0
16,Idaho,1983,238.6999969,3.5,0
16,Idaho,1984,235.3000031,3.400000095,0
16,Idaho,1985,234.8000031,2.200000048,0
16,Idaho,1986,222.5,3.200000048,0
16,Idaho,1987,214.1999969,3.099999905,0
16,Idaho,1988,234.6999969,3.599999905,0
16,Idaho,1989,254.6000061,2.599999905,0
16,Idaho,1990,275.7000122,2.700000048,0
16,Idaho,1991,290.2999878,1.799999952,1
16,Idaho,1992,281.3999939,3.5,1
16,Idaho,1993,281.7999878,2.900000095,1
16,Idaho,1994,285.7999878,3.5,1
16,Idaho,1995,322,4.099999905,1
16,Idaho,1996,267.2000122,3.599999905,1
16,Idaho,1997,256.7999878,3.200000048,1
16,Idaho,1998,282.2000122,2.900000095,1
16,Idaho,1999,244.8999939,2,1
17,Illinois,1977,630.5999756,9.899999619,0
17,Illinois,1978,676.7000122,9.899999619,0
17,Illinois,1979,743.9000244,10.69999981,0
17,Illinois,1980,808,10.60000038,0
17,Illinois,1981,792.5,10.5,0
17,Illinois,1982,774.2999878,8.800000191,0
17,Illinois,1983,728.0999756,9.699999809,0
17,Illinois,1984,724.9000244,9,0
17,Illinois,1985,714.7999878,8,0
17,Illinois,1986,808.9000244,8.899999619,0
17,Illinois,1987,796.2000122,8.300000191,0
17,Illinois,1988,810.4000244,8.600000381,0
17,Illinois,1989,845.9000244,9,0
17,Illinois,1990,967.4000244,10.30000019,0
17,Illinois,1991,1039.199951,11.30000019,0
17,Illinois,1992,977.2999878,11.39999962,0
17,Illinois,1993,959.7000122,11.39999962,0
17,Illinois,1994,960.9000244,11.69999981,0
17,Illinois,1995,996.0999756,10.30000019,0
17,Illinois,1996,890.4000244,10,0
17,Illinois,1997,861.4000244,9.199999809,0
17,Illinois,1998,807.7000122,8.399999619,0
17,Illinois,1999,732.5,7.699999809,0
18,Indiana,1977,310.6000061,7.400000095,1
18,Indiana,1978,323.5,6.199999809,1
18,Indiana,1979,338,8.300000191,1
18,Indiana,1980,377.7999878,8.899999619,1
18,Indiana,1981,341.6000061,7.099999905,1
18,Indiana,1982,300.6000061,6.5,1
18,Indiana,1983,283.7999878,5.199999809,1
18,Indiana,1984,305.2000122,5.5,1
18,Indiana,1985,309.3999939,5.800000191,1
18,Indiana,1986,307.7000122,6,1
18,Indiana,1987,328.5,5.599999905,1
18,Indiana,1988,380,6.400000095,1
18,Indiana,1989,406.5,6.300000191,1
18,Indiana,1990,473.8999939,6.199999809,1
18,Indiana,1991,505.2999878,7.5,1
18,Indiana,1992,508.5,8.199999809,1
18,Indiana,1993,489.1000061,7.5,1
18,Indiana,1994,525.0999756,7.900000095,1
18,Indiana,1995,524.7000122,8,1
18,Indiana,1996,537,7.199999809,1
18,Indiana,1997,514.5999756,7.300000191,1
18,Indiana,1998,431,7.699999809,1
18,Indiana,1999,374.6000061,6.599999905,1
19,Iowa,1977,144,2.299999952,0
19,Iowa,1978,161.3999939,2.599999905,0
19,Iowa,1979,181.1999969,2.200000048,0
19,Iowa,1980,200.3999939,2.200000048,0
19,Iowa,1981,204.1999969,2.599999905,0
19,Iowa,1982,172.6999969,2.299999952,0
19,Iowa,1983,181.1000061,2.299999952,0
19,Iowa,1984,198.6999969,2,0
19,Iowa,1985,211.6999969,1.899999976,0
19,Iowa,1986,235.1000061,1.799999952,0
19,Iowa,1987,231.1999969,2.099999905,0
19,Iowa,1988,256.7999878,1.700000048,0
19,Iowa,1989,266.2999878,1.899999976,0
19,Iowa,1990,299.7000122,1.899999976,0
19,Iowa,1991,303.2999878,2,0
19,Iowa,1992,278,1.600000024,0
19,Iowa,1993,325.5,2.299999952,0
19,Iowa,1994,315.1000061,1.700000048,0
19,Iowa,1995,354.3999939,1.799999952,0
19,Iowa,1996,272.5,1.899999976,0
19,Iowa,1997,310,1.799999952,0
19,Iowa,1998,311.5,1.899999976,0
19,Iowa,1999,280,1.5,0
20,Kansas,1977,309.7999878,6.599999905,0
20,Kansas,1978,318.2000122,5.699999809,0
20,Kansas,1979,353.6000061,5.5,0
20,Kansas,1980,389.2999878,6.900000095,0
20,Kansas,1981,369.3999939,6.300000191,0
20,Kansas,1982,335.8999939,5.699999809,0
20,Kansas,1983,326.6000061,5.599999905,0
20,Kansas,1984,334.2000122,3.700000048,0
20,Kansas,1985,355.7999878,4.900000095,0
20,Kansas,1986,368.7999878,4.400000095,0
20,Kansas,1987,360.7000122,4.400000095,0
20,Kansas,1988,365.2000122,3.400000095,0
20,Kansas,1989,400.7999878,5.5,0
20,Kansas,1990,447.7000122,4,0
20,Kansas,1991,499.6000061,6.099999905,0
20,Kansas,1992,510.7999878,6,0
20,Kansas,1993,496.3999939,6.400000095,0
20,Kansas,1994,443,6.699999809,0
20,Kansas,1995,420.7000122,6.199999809,0
20,Kansas,1996,413.7999878,6.599999905,0
20,Kansas,1997,409.2000122,6,0
20,Kansas,1998,397,5.900000095,0
20,Kansas,1999,382.7999878,6,0
21,Kentucky,1977,233.6000061,10.10000038,0
21,Kentucky,1978,223.1999969,9,0
21,Kentucky,1979,248,9.5,0
21,Kentucky,1980,266.7000122,8.800000191,0
21,Kentucky,1981,289.5,8.399999619,0
21,Kentucky,1982,315,9.699999809,0
21,Kentucky,1983,322.2000122,9.800000191,0
21,Kentucky,1984,277.7999878,6.599999905,0
21,Kentucky,1985,305.5,6.900000095,0
21,Kentucky,1986,334.3999939,6.699999809,0
21,Kentucky,1987,337.7999878,7.5,0
21,Kentucky,1988,330.1000061,6.199999809,0
21,Kentucky,1989,356.8999939,7.900000095,0
21,Kentucky,1990,390.3999939,7.199999809,0
21,Kentucky,1991,438,6.800000191,0
21,Kentucky,1992,535.5,5.800000191,0
21,Kentucky,1993,462.7000122,6.599999905,0
21,Kentucky,1994,444,6.400000095,0
21,Kentucky,1995,364.7000122,7.199999809,0
21,Kentucky,1996,320.5,5.900000095,0
21,Kentucky,1997,316.8999939,5.800000191,1
21,Kentucky,1998,284,4.599999905,1
21,Kentucky,1999,300.6000061,5.400000095,1
22,Louisiana,1977,524.7999878,15.5,0
22,Louisiana,1978,584.9000244,15.80000019,0
22,Louisiana,1979,676.2999878,16.89999962,0
22,Louisiana,1980,665,15.69999981,0
22,Louisiana,1981,638.2999878,15.60000038,0
22,Louisiana,1982,669.0999756,16,0
22,Louisiana,1983,640.9000244,14.19999981,0
22,Louisiana,1984,678,12.89999962,0
22,Louisiana,1985,694.2000122,10.89999962,0
22,Louisiana,1986,758.2000122,12.80000019,0
22,Louisiana,1987,693,11.10000038,0
22,Louisiana,1988,717.4000244,11.60000038,0
22,Louisiana,1989,781.7999878,14.89999962,0
22,Louisiana,1990,898.4000244,17.20000076,0
22,Louisiana,1991,951,16.89999962,0
22,Louisiana,1992,984.5999756,17.39999962,1
22,Louisiana,1993,1061.699951,20.29999924,1
22,Louisiana,1994,981.9000244,19.79999924,1
22,Louisiana,1995,1007.400024,17,1
22,Louisiana,1996,929.0999756,17.5,1
22,Louisiana,1997,855.9000244,15.69999981,1
22,Louisiana,1998,779.5,12.80000019,1
22,Louisiana,1999,732.7000122,10.69999981,1
23,Maine,1977,224.6999969,2.400000095,0
23,Maine,1978,207.6999969,2.700000048,0
23,Maine,1979,202.5,2.799999952,0
23,Maine,1980,193.3999939,2.799999952,0
23,Maine,1981,195.6000061,3.200000048,0
23,Maine,1982,163,2.099999905,1
23,Maine,1983,159.6000061,2.099999905,1
23,Maine,1984,158.5,1.700000048,1
23,Maine,1985,167.5,2.400000095,1
23,Maine,1986,147,2,1
23,Maine,1987,152.1000061,2.5,1
23,Maine,1988,157.3999939,3.099999905,1
23,Maine,1989,137.1999969,3.200000048,1
23,Maine,1990,143.1999969,2.400000095,1
23,Maine,1991,132.1000061,1.200000048,1
23,Maine,1992,130.8999939,1.700000048,1
23,Maine,1993,125.6999969,1.600000024,1
23,Maine,1994,129.8999939,2.299999952,1
23,Maine,1995,131.3999939,2,1
23,Maine,1996,124.9000015,2,1
23,Maine,1997,120.8000031,2,1
23,Maine,1998,125.8000031,2,1
23,Maine,1999,112.1999969,2.200000048,1
24,Maryland,1977,693.7999878,8,0
24,Maryland,1978,732,8.199999809,0
24,Maryland,1979,795.5,9.800000191,0
24,Maryland,1980,852.4000244,9.5,0
24,Maryland,1981,887.0999756,9.899999619,0
24,Maryland,1982,850,10.10000038,0
24,Maryland,1983,807.0999756,8.5,0
24,Maryland,1984,792.2999878,8.100000381,0
24,Maryland,1985,834.5999756,7.900000095,0
24,Maryland,1986,833,9,0
24,Maryland,1987,767.7999878,9.600000381,0
24,Maryland,1988,806.7999878,9.699999809,0
24,Maryland,1989,855.4000244,11.60000038,0
24,Maryland,1990,919,11.5,0
24,Maryland,1991,956.2000122,11.69999981,0
24,Maryland,1992,1000.099976,12.10000038,0
24,Maryland,1993,997.7999878,12.69999981,0
24,Maryland,1994,948,11.60000038,0
24,Maryland,1995,986.9000244,11.80000019,0
24,Maryland,1996,931.2000122,11.60000038,0
24,Maryland,1997,846.5999756,9.899999619,0
24,Maryland,1998,796.5999756,10,0
24,Maryland,1999,743.4000244,9,0
25,Massachusetts,1977,425.2999878,3.099999905,0
25,Massachusetts,1978,462,3.700000048,0
25,Massachusetts,1979,531.2999878,3.700000048,0
25,Massachusetts,1980,601.2999878,4.099999905,0
25,Massachusetts,1981,628.5999756,3.599999905,0
25,Massachusetts,1982,571.4000244,3.799999952,0
25,Massachusetts,1983,576.7999878,3.5,0
25,Massachusetts,1984,523.7000122,3.599999905,0
25,Massachusetts,1985,538.2000122,3.5,0
25,Massachusetts,1986,556.9000244,3.599999905,0
25,Massachusetts,1987,564.5999756,3,0
25,Massachusetts,1988,619.5999756,3.5,0
25,Massachusetts,1989,675,4.300000191,0
25,Massachusetts,1990,736.2999878,4,0
25,Massachusetts,1991,736.0999756,4.199999809,0
25,Massachusetts,1992,779,3.599999905,0
25,Massachusetts,1993,804.9000244,3.900000095,0
25,Massachusetts,1994,707.5999756,3.5,0
25,Massachusetts,1995,687.2000122,3.599999905,0
25,Massachusetts,1996,642.2000122,2.599999905,0
25,Massachusetts,1997,644.2000122,1.899999976,0
25,Massachusetts,1998,621.2999878,2,0
25,Massachusetts,1999,551,2,0
26,Michigan,1977,584.7000122,9.300000191,0
26,Michigan,1978,577.2000122,10.60000038,0
26,Michigan,1979,614.2000122,9.100000381,0
26,Michigan,1980,639.5,10.19999981,0
26,Michigan,1981,641.9000244,9.399999619,0
26,Michigan,1982,656.5999756,9.100000381,0
26,Michigan,1983,716.7000122,10,0
26,Michigan,1984,760.0999756,9.699999809,0
26,Michigan,1985,734.0999756,11.19999981,0
26,Michigan,1986,803.9000244,11.30000019,0
26,Michigan,1987,780.0999756,12.19999981,0
26,Michigan,1988,741.7000122,10.80000019,0
26,Michigan,1989,709.2000122,10.69999981,0
26,Michigan,1990,790.4000244,10.39999962,0
26,Michigan,1991,803.0999756,10.80000019,0
26,Michigan,1992,770.0999756,9.899999619,0
26,Michigan,1993,791.5,9.800000191,0
26,Michigan,1994,766.0999756,9.800000191,0
26,Michigan,1995,687.7999878,8.5,0
26,Michigan,1996,635.2999878,7.5,0
26,Michigan,1997,590,7.800000191,0
26,Michigan,1998,620.7999878,7.300000191,0
26,Michigan,1999,574.9000244,7,0
27,Minnesota,1977,193.8000031,2.700000048,0
27,Minnesota,1978,189.6000061,2,0
27,Minnesota,1979,221,2.299999952,0
27,Minnesota,1980,227.8000031,2.599999905,0
27,Minnesota,1981,228.5,2.099999905,0
27,Minnesota,1982,219.3000031,2.299999952,0
27,Minnesota,1983,190.8999939,1.700000048,0
27,Minnesota,1984,211.5,1.799999952,0
27,Minnesota,1985,256.3999939,2.099999905,0
27,Minnesota,1986,284.6000061,2.5,0
27,Minnesota,1987,285.3999939,2.599999905,0
27,Minnesota,1988,290.1000061,2.900000095,0
27,Minnesota,1989,288.2999878,2.5,0
27,Minnesota,1990,306.1000061,2.700000048,0
27,Minnesota,1991,316,3,0
27,Minnesota,1992,338,3.299999952,0
27,Minnesota,1993,353.8999939,3.400000095,0
27,Minnesota,1994,359,3.200000048,0
27,Minnesota,1995,356.1000061,3.900000095,0
27,Minnesota,1996,338.7999878,3.599999905,0
27,Minnesota,1997,337.7999878,2.799999952,0
27,Minnesota,1998,310.2000122,2.599999905,0
27,Minnesota,1999,274,2.799999952,0
28,Mississippi,1977,288.7000122,14.30000019,0
28,Mississippi,1978,321.2000122,12.60000038,0
28,Mississippi,1979,323.6000061,12.60000038,0
28,Mississippi,1980,341.8999939,14.5,0
28,Mississippi,1981,304.6000061,12.60000038,0
28,Mississippi,1982,294.6000061,14,0
28,Mississippi,1983,280.3999939,11.19999981,0
28,Mississippi,1984,282,9.699999809,0
28,Mississippi,1985,270.8999939,10.60000038,0
28,Mississippi,1986,274.1000061,11.19999981,0
28,Mississippi,1987,269.7999878,10.19999981,0
28,Mississippi,1988,325.2000122,8.600000381,0
28,Mississippi,1989,311.2000122,9.699999809,0
28,Mississippi,1990,340.3999939,12.19999981,0
28,Mississippi,1991,389.1000061,12.80000019,1
28,Mississippi,1992,411.7000122,12.19999981,1
28,Mississippi,1993,433.8999939,13.5,1
28,Mississippi,1994,493.7000122,15.30000019,1
28,Mississippi,1995,502.7999878,12.89999962,1
28,Mississippi,1996,488.2999878,11.10000038,1
28,Mississippi,1997,469,13.10000038,1
28,Mississippi,1998,410.7000122,11.39999962,1
28,Mississippi,1999,349.2999878,7.699999809,1
29,Missouri,1977,460.3999939,9.600000381,0
29,Missouri,1978,467.8999939,10.39999962,0
29,Missouri,1979,527.2000122,11.19999981,0
29,Missouri,1980,554.5,11.10000038,0
29,Missouri,1981,540.2000122,10.39999962,0
29,Missouri,1982,506.5,9.699999809,0
29,Missouri,1983,477.2000122,8.100000381,0
29,Missouri,1984,460.7000122,7.099999905,0
29,Missouri,1985,503.5,8.100000381,0
29,Missouri,1986,578.5999756,9.199999809,0
29,Missouri,1987,544.5999756,8.300000191,0
29,Missouri,1988,552.5,8,0
29,Missouri,1989,632.5999756,7.900000095,0
29,Missouri,1990,715.2999878,8.800000191,0
29,Missouri,1991,763,10.5,0
29,Missouri,1992,740.4000244,10.5,0
29,Missouri,1993,744.4000244,11.30000019,0
29,Missouri,1994,743.5,10.5,0
29,Missouri,1995,663.7999878,8.800000191,0
29,Missouri,1996,590.9000244,8.100000381,0
29,Missouri,1997,577.4000244,7.900000095,0
29,Missouri,1998,555.7000122,7.300000191,0
29,Missouri,1999,500.2000122,6.599999905,0
30,Montana,1977,218,5.400000095,0
30,Montana,1978,237.6000061,4.800000191,0
30,Montana,1979,224.1999969,4.199999809,0
30,Montana,1980,222.6000061,4,0
30,Montana,1981,253,3.400000095,0
30,Montana,1982,224.8000031,3.900000095,0
30,Montana,1983,212.6000061,3.700000048,0
30,Montana,1984,237.6000061,4.400000095,0
30,Montana,1985,208.5,5.800000191,0
30,Montana,1986,157.3999939,2.900000095,0
30,Montana,1987,151.1999969,4.099999905,0
30,Montana,1988,123,2.599999905,0
30,Montana,1989,116,2.900000095,0
30,Montana,1990,159.3000031,4.900000095,0
30,Montana,1991,139.8999939,2.599999905,0
30,Montana,1992,169.8999939,2.900000095,1
30,Montana,1993,177.5,3,1
30,Montana,1994,177.1000061,3.299999952,1
30,Montana,1995,171.3999939,4,1
30,Montana,1996,161,3.900000095,1
30,Montana,1997,132.1000061,4.800000191,1
30,Montana,1998,138.8000031,4.099999905,1
30,Montana,1999,206.5,2.599999905,1
31,Nebraska,1977,199.3999939,3.900000095,0
31,Nebraska,1978,190.5,3,0
31,Nebraska,1979,225.8999939,4.099999905,0
31,Nebraska,1980,224.6000061,4.400000095,0
31,Nebraska,1981,181.5,3.099999905,0
31,Nebraska,1982,229.6000061,2,0
31,Nebraska,1983,217.6999969,2.599999905,0
31,Nebraska,1984,225.8000031,3.400000095,0
31,Nebraska,1985,237.8999939,2.900000095,0
31,Nebraska,1986,262.6000061,3.099999905,0
31,Nebraska,1987,251.1999969,3.5,0
31,Nebraska,1988,273.2000122,3.599999905,0
31,Nebraska,1989,279.5,2.5,0
31,Nebraska,1990,330,2.700000048,0
31,Nebraska,1991,334.6000061,3.299999952,0
31,Nebraska,1992,348.6000061,4.199999809,0
31,Nebraska,1993,377.7999878,3.900000095,0
31,Nebraska,1994,389.5,3.099999905,0
31,Nebraska,1995,382,2.900000095,0
31,Nebraska,1996,435,2.900000095,0
31,Nebraska,1997,438.3999939,3,0
31,Nebraska,1998,451.3999939,3.099999905,0
31,Nebraska,1999,430.2000122,3.599999905,0
32,Nevada,1977,743,15.80000019,0
32,Nevada,1978,780.7999878,15.5,0
32,Nevada,1979,835.5999756,17.5,0
32,Nevada,1980,912.5999756,20,0
32,Nevada,1981,896.4000244,17.5,0
32,Nevada,1982,805.4000244,13.60000038,0
32,Nevada,1983,655.2000122,12.80000019,0
32,Nevada,1984,628.5,10.80000019,0
32,Nevada,1985,667.0999756,10.30000019,0
32,Nevada,1986,718.9000244,12.60000038,0
32,Nevada,1987,695.7000122,8.399999619,0
32,Nevada,1988,780.7000122,10.5,0
32,Nevada,1989,625.2999878,8.199999809,0
32,Nevada,1990,600.9000244,9.699999809,0
32,Nevada,1991,677,11.80000019,0
32,Nevada,1992,696.7999878,10.89999962,0
32,Nevada,1993,875.2000122,10.39999962,0
32,Nevada,1994,1001.900024,11.69999981,0
32,Nevada,1995,945.2000122,10.69999981,0
32,Nevada,1996,811.2999878,13.69999981,1
32,Nevada,1997,798.7000122,11.19999981,1
32,Nevada,1998,643.5999756,9.699999809,1
32,Nevada,1999,570,9.100000381,1
33,New Hampshire,1977,113.0999985,3.200000048,1
33,New Hampshire,1978,118.8000031,1.399999976,1
33,New Hampshire,1979,139.8999939,2.400000095,1
33,New Hampshire,1980,179.8000031,2.5,1
33,New Hampshire,1981,147.1000061,2.900000095,1
33,New Hampshire,1982,124.8000031,2.200000048,1
33,New Hampshire,1983,125.0999985,2,1
33,New Hampshire,1984,133.8999939,1,1
33,New Hampshire,1985,140.8000031,2.099999905,1
33,New Hampshire,1986,139.5,2.200000048,1
33,New Hampshire,1987,149.6000061,3,1
33,New Hampshire,1988,147.8999939,2.299999952,1
33,New Hampshire,1989,168.5,3.299999952,1
33,New Hampshire,1990,131.5,1.899999976,1
33,New Hampshire,1991,119.3000031,3.599999905,1
33,New Hampshire,1992,125.6999969,1.600000024,1
33,New Hampshire,1993,137.8000031,2,1
33,New Hampshire,1994,116.8000031,1.399999976,1
33,New Hampshire,1995,114.5,1.799999952,1
33,New Hampshire,1996,118.1999969,1.700000048,1
33,New Hampshire,1997,113.1999969,1.399999976,1
33,New Hampshire,1998,107.1999969,1.5,1
33,New Hampshire,1999,96.5,1.5,1
34,New Jersey,1977,392,5.599999905,0
34,New Jersey,1978,423.5,5.400000095,0
34,New Jersey,1979,501.2000122,6.599999905,0
34,New Jersey,1980,604.4000244,6.900000095,0
34,New Jersey,1981,630.5999756,7.300000191,0
34,New Jersey,1982,607.4000244,6.5,0
34,New Jersey,1983,553.0999756,5.300000191,0
34,New Jersey,1984,527.7000122,5.300000191,0
34,New Jersey,1985,544.5,5.400000095,0
34,New Jersey,1986,572.5,5.199999809,0
34,New Jersey,1987,541,4.599999905,0
34,New Jersey,1988,582.7999878,5.300000191,0
34,New Jersey,1989,609,5.099999905,0
34,New Jersey,1990,647.5999756,5.599999905,0
34,New Jersey,1991,634.7999878,5.199999809,0
34,New Jersey,1992,625.7999878,5.099999905,0
34,New Jersey,1993,626.9000244,5.300000191,0
34,New Jersey,1994,614.2000122,5,0
34,New Jersey,1995,599.7999878,5.099999905,0
34,New Jersey,1996,531.5,4.199999809,0
34,New Jersey,1997,492.6000061,4.199999809,0
34,New Jersey,1998,440.1000061,4,0
34,New Jersey,1999,411.8999939,3.5,0
35,New Mexico,1977,500.8999939,8.800000191,0
35,New Mexico,1978,528.2000122,10.19999981,0
35,New Mexico,1979,586,12.39999962,0
35,New Mexico,1980,615,13.10000038,0
35,New Mexico,1981,671.7000122,11.39999962,0
35,New Mexico,1982,734.5,11.60000038,0
35,New Mexico,1983,686.7999878,8.899999619,0
35,New Mexico,1984,688.0999756,9.100000381,0
35,New Mexico,1985,703.9000244,10.89999962,0
35,New Mexico,1986,725.5999756,11.5,0
35,New Mexico,1987,628.5,10.10000038,0
35,New Mexico,1988,658.0999756,11.5,0
35,New Mexico,1989,703.9000244,8.600000381,0
35,New Mexico,1990,780.2000122,9.199999809,0
35,New Mexico,1991,834.7999878,10.5,0
35,New Mexico,1992,934.9000244,8.899999619,0
35,New Mexico,1993,929.7000122,8,0
35,New Mexico,1994,889.2000122,10.69999981,0
35,New Mexico,1995,819.2000122,8.800000191,0
35,New Mexico,1996,840.5999756,11.5,0
35,New Mexico,1997,853.2999878,7.699999809,0
35,New Mexico,1998,961.4000244,10.89999962,0
35,New Mexico,1999,834.5,9.800000191,0
36,New York     NY,1977,831.7999878,10.69999981,0
36,New York     NY,1978,841,10.30000019,0
36,New York     NY,1979,917.4000244,11.89999962,0
36,New York     NY,1980,1029.5,12.69999981,0
36,New York     NY,1981,1069.599976,12.30000019,0
36,New York     NY,1982,990.0999756,11.39999962,0
36,New York     NY,1983,914.0999756,11.10000038,0
36,New York     NY,1984,914.2999878,10.10000038,0
36,New York     NY,1985,929.9000244,9.5,0
36,New York     NY,1986,985.9000244,10.69999981,0
36,New York     NY,1987,1008.099976,11.30000019,0
36,New York     NY,1988,1097.300049,12.5,0
36,New York     NY,1989,1131.199951,12.5,0
36,New York     NY,1990,1180.900024,14.5,0
36,New York     NY,1991,1163.900024,14.19999981,0
36,New York     NY,1992,1122.099976,13.19999981,0
36,New York     NY,1993,1073.5,13.30000019,0
36,New York     NY,1994,965.5999756,11.10000038,0
36,New York     NY,1995,841.9000244,8.5,0
36,New York     NY,1996,727,7.400000095,0
36,New York     NY,1997,688.5999756,6,0
36,New York     NY,1998,637.7999878,5.099999905,0
36,New York     NY,1999,588.7999878,5,0
37,North Carolina,1977,407.1000061,10.60000038,0
37,North Carolina,1978,413.3999939,10.80000019,0
37,North Carolina,1979,446.1000061,10.69999981,0
37,North Carolina,1980,455,10.60000038,0
37,North Carolina,1981,436.7000122,9.100000381,0
37,North Carolina,1982,446.2999878,9.100000381,0
37,North Carolina,1983,409.6000061,8.100000381,0
37,North Carolina,1984,403.6000061,8.699999809,0
37,North Carolina,1985,420.8999939,8.300000191,0
37,North Carolina,1986,475.8999939,8.100000381,0
37,North Carolina,1987,484,8.100000381,0
37,North Carolina,1988,501.8999939,7.800000191,0
37,North Carolina,1989,546.4000244,8.899999619,0
37,North Carolina,1990,623.5,10.69999981,0
37,North Carolina,1991,658.4000244,11.39999962,0
37,North Carolina,1992,681,10.60000038,0
37,North Carolina,1993,679.2999878,11.30000019,0
37,North Carolina,1994,655,10.89999962,0
37,North Carolina,1995,646.4000244,9.399999619,0
37,North Carolina,1996,588.0999756,8.5,1
37,North Carolina,1997,607,8.300000191,1
37,North Carolina,1998,579.4000244,8.100000381,1
37,North Carolina,1999,542.0999756,7.199999809,1
38,North Dakota,1977,67.09999847,0.899999976,0
38,North Dakota,1978,67,1.200000048,0
38,North Dakota,1979,61.29999924,1.5,0
38,North Dakota,1980,54,1.200000048,0
38,North Dakota,1981,67.5,2.299999952,0
38,North Dakota,1982,61.79999924,0.699999988,0
38,North Dakota,1983,53.70000076,2.099999905,0
38,North Dakota,1984,53.59999847,1.200000048,0
38,North Dakota,1985,47,1,0
38,North Dakota,1986,51.29999924,1,1
38,North Dakota,1987,56.79999924,1.5,1
38,North Dakota,1988,59.09999847,1.799999952,1
38,North Dakota,1989,63.20000076,0.600000024,1
38,North Dakota,1990,73.90000153,0.800000012,1
38,North Dakota,1991,65.40000153,1.100000024,1
38,North Dakota,1992,83.30000305,1.899999976,1
38,North Dakota,1993,82.19999695,1.700000048,1
38,North Dakota,1994,81.80000305,0.200000003,1
38,North Dakota,1995,86.69999695,0.899999976,1
38,North Dakota,1996,84,2.200000048,1
38,North Dakota,1997,87.19999695,0.899999976,1
38,North Dakota,1998,89.30000305,1.100000024,1
38,North Dakota,1999,66.90000153,1.600000024,1
39,Ohio,1977,406.7000122,7.800000191,0
39,Ohio,1978,412.7000122,6.900000095,0
39,Ohio,1979,457.5,8.100000381,0
39,Ohio,1980,498.2999878,8.100000381,0
39,Ohio,1981,496.6000061,7.400000095,0
39,Ohio,1982,436.7000122,6.300000191,0
39,Ohio,1983,397.8999939,5.599999905,0
39,Ohio,1984,385.2999878,5.099999905,0
39,Ohio,1985,381.6000061,5.199999809,0
39,Ohio,1986,420.8999939,5.5,0
39,Ohio,1987,421.2999878,5.800000191,0
39,Ohio,1988,452,5.400000095,0
39,Ohio,1989,468.6000061,6,0
39,Ohio,1990,506.2000122,6.099999905,0
39,Ohio,1991,561.7999878,7.199999809,0
39,Ohio,1992,525.9000244,6.599999905,0
39,Ohio,1993,504.1000061,6,0
39,Ohio,1994,485.7999878,6,0
39,Ohio,1995,482.5,5.400000095,0
39,Ohio,1996,428.7000122,4.800000191,0
39,Ohio,1997,435.3999939,4.699999809,0
39,Ohio,1998,362.5,4,0
39,Ohio,1999,316.3999939,3.5,0
40,Oklahoma,1977,316.6000061,8.600000381,0
40,Oklahoma,1978,353,8.5,0
40,Oklahoma,1979,405.2000122,9.699999809,0
40,Oklahoma,1980,419.5,10,0
40,Oklahoma,1981,426.7999878,9,0
40,Oklahoma,1982,443.8999939,10.80000019,0
40,Oklahoma,1983,423.3999939,7.599999905,0
40,Oklahoma,1984,407.5,7.800000191,0
40,Oklahoma,1985,422,7.699999809,0
40,Oklahoma,1986,436.3999939,8.100000381,0
40,Oklahoma,1987,417.6000061,7.5,0
40,Oklahoma,1988,434.5,7.400000095,0
40,Oklahoma,1989,491.5,6.5,0
40,Oklahoma,1990,547.5,8,0
40,Oklahoma,1991,583.7000122,7.199999809,0
40,Oklahoma,1992,622.7999878,6.5,0
40,Oklahoma,1993,634.7999878,8.399999619,0
40,Oklahoma,1994,651.5,6.900000095,0
40,Oklahoma,1995,664.0999756,12.19999981,0
40,Oklahoma,1996,597.0999756,6.800000191,1
40,Oklahoma,1997,559.5,6.900000095,1
40,Oklahoma,1998,539.4000244,6.099999905,1
40,Oklahoma,1999,508.2000122,6.900000095,1
41,Oregon,1977,455.7999878,4.900000095,0
41,Oregon,1978,502.3999939,5,0
41,Oregon,1979,545.4000244,4.199999809,0
41,Oregon,1980,490.3999939,5.099999905,0
41,Oregon,1981,478.7000122,4.400000095,0
41,Oregon,1982,473,5.099999905,0
41,Oregon,1983,487.7999878,4.099999905,0
41,Oregon,1984,506.1000061,4.800000191,0
41,Oregon,1985,551.0999756,4.699999809,0
41,Oregon,1986,549.7000122,6.599999905,0
41,Oregon,1987,539.5,5.599999905,0
41,Oregon,1988,545.7000122,5.099999905,0
41,Oregon,1989,518.5999756,4.800000191,0
41,Oregon,1990,506.7999878,3.799999952,0
41,Oregon,1991,506.2999878,4.599999905,1
41,Oregon,1992,510.2000122,4.699999809,1
41,Oregon,1993,503.1000061,4.599999905,1
41,Oregon,1994,520.5999756,4.900000095,1
41,Oregon,1995,522.4000244,4.099999905,1
41,Oregon,1996,463.1000061,4,1
41,Oregon,1997,444.3999939,2.900000095,1
41,Oregon,1998,419.7999878,3.799999952,1
41,Oregon,1999,374.8999939,2.700000048,1
42,Pennsylvania,1977,282.7999878,5.599999905,0
42,Pennsylvania,1978,301.1000061,6.199999809,0
42,Pennsylvania,1979,333.6000061,6.199999809,0
42,Pennsylvania,1980,363.8999939,6.800000191,0
42,Pennsylvania,1981,371.7000122,6.099999905,0
42,Pennsylvania,1982,360.3999939,5.699999809,0
42,Pennsylvania,1983,342.7999878,4.900000095,0
42,Pennsylvania,1984,320.6000061,4.5,0
42,Pennsylvania,1985,331.1000061,4.599999905,0
42,Pennsylvania,1986,358.6000061,5.5,0
42,Pennsylvania,1987,369.3999939,5.400000095,0
42,Pennsylvania,1988,362,5.5,0
42,Pennsylvania,1989,378.6000061,6.300000191,0
42,Pennsylvania,1990,431,6.699999809,1
42,Pennsylvania,1991,450,6.300000191,1
42,Pennsylvania,1992,427,6.199999809,1
42,Pennsylvania,1993,417.5,6.800000191,1
42,Pennsylvania,1994,426.7000122,5.900000095,1
42,Pennsylvania,1995,427.2999878,6.300000191,1
42,Pennsylvania,1996,480.2999878,5.699999809,1
42,Pennsylvania,1997,442.1000061,5.900000095,1
42,Pennsylvania,1998,420.5,5.300000191,1
42,Pennsylvania,1999,420.5,4.900000095,1
44,Rhode Island,1977,301.6000061,3.599999905,0
44,Rhode Island,1978,348.1000061,4,0
44,Rhode Island,1979,375.1000061,3.200000048,0
44,Rhode Island,1980,408.5,4.400000095,0
44,Rhode Island,1981,441.7000122,4.199999809,0
44,Rhode Island,1982,401.7999878,3.700000048,0
44,Rhode Island,1983,355.2000122,2.700000048,0
44,Rhode Island,1984,334.7000122,3.400000095,0
44,Rhode Island,1985,346.6000061,3.599999905,0
44,Rhode Island,1986,335.5,3.5,0
44,Rhode Island,1987,359.7000122,3.5,0
44,Rhode Island,1988,396.7000122,4.099999905,0
44,Rhode Island,1989,378,4.900000095,0
44,Rhode Island,1990,431.8999939,4.800000191,0
44,Rhode Island,1991,462,3.700000048,0
44,Rhode Island,1992,394.5,3.599999905,0
44,Rhode Island,1993,401.7000122,3.900000095,0
44,Rhode Island,1994,375.5,4.099999905,0
44,Rhode Island,1995,368,3.299999952,0
44,Rhode Island,1996,347.2000122,2.5,0
44,Rhode Island,1997,333.5,2.5,0
44,Rhode Island,1998,312.1000061,2.400000095,0
44,Rhode Island,1999,286.6000061,3.599999905,0
45,South Carolina,1977,636.2000122,11.89999962,0
45,South Carolina,1978,637.5999756,11.5,0
45,South Carolina,1979,678.2999878,12.60000038,0
45,South Carolina,1980,660,11.39999962,0
45,South Carolina,1981,640.4000244,10.39999962,0
45,South Carolina,1982,720,10.89999962,0
45,South Carolina,1983,616.7999878,9.800000191,0
45,South Carolina,1984,624.5,9.199999809,0
45,South Carolina,1985,631,9.100000381,0
45,South Carolina,1986,674.5999756,8.600000381,0
45,South Carolina,1987,664.9000244,9.300000191,0
45,South Carolina,1988,741.2000122,9.300000191,0
45,South Carolina,1989,813.7000122,9.100000381,0
45,South Carolina,1990,976.5999756,11.19999981,0
45,South Carolina,1991,972.5,11.30000019,0
45,South Carolina,1992,944.5,10.39999962,0
45,South Carolina,1993,1023.400024,10.30000019,0
45,South Carolina,1994,1030.5,9.600000381,0
45,South Carolina,1995,981.9000244,7.900000095,0
45,South Carolina,1996,996.9000244,9,0
45,South Carolina,1997,990.2999878,8.399999619,1
45,South Carolina,1998,903.2000122,8,1
45,South Carolina,1999,847.0999756,6.599999905,1
46,South Dakota,1977,189.1000061,2,0
46,South Dakota,1978,163.5,1.899999976,0
46,South Dakota,1979,159.1000061,2,0
46,South Dakota,1980,126.8000031,0.699999988,0
46,South Dakota,1981,104.8000031,1.799999952,0
46,South Dakota,1982,99,2.700000048,0
46,South Dakota,1983,120,2.099999905,0
46,South Dakota,1984,147.5,1.799999952,0
46,South Dakota,1985,136.6000061,1.799999952,0
46,South Dakota,1986,124.6999969,4,1
46,South Dakota,1987,119.6999969,1.799999952,1
46,South Dakota,1988,113.6999969,3.099999905,1
46,South Dakota,1989,135.5,1.299999952,1
46,South Dakota,1990,162.8000031,2,1
46,South Dakota,1991,182.1999969,1.700000048,1
46,South Dakota,1992,194.5,0.600000024,1
46,South Dakota,1993,208.3999939,3.400000095,1
46,South Dakota,1994,227.6000061,1.399999976,1
46,South Dakota,1995,207.5,1.799999952,1
46,South Dakota,1996,177.1999969,1.200000048,1
46,South Dakota,1997,197.3999939,1.399999976,1
46,South Dakota,1998,154.3000031,1.399999976,1
46,South Dakota,1999,167.3999939,2.5,1
47,Tennessee,1977,389.5,10.10000038,0
47,Tennessee,1978,382.6000061,9.399999619,0
47,Tennessee,1979,414,9.800000191,0
47,Tennessee,1980,458.1000061,10.80000019,0
47,Tennessee,1981,412.6000061,9.699999809,0
47,Tennessee,1982,421.1000061,9.699999809,0
47,Tennessee,1983,402,8.800000191,0
47,Tennessee,1984,445.3999939,8.399999619,0
47,Tennessee,1985,474.3999939,9,0
47,Tennessee,1986,539.5999756,10.39999962,0
47,Tennessee,1987,533.5,9.100000381,0
47,Tennessee,1988,532.7000122,9.399999619,0
47,Tennessee,1989,548.9000244,8.399999619,0
47,Tennessee,1990,670.4000244,10.5,0
47,Tennessee,1991,725.9000244,11,0
47,Tennessee,1992,746.2000122,10.39999962,0
47,Tennessee,1993,765.7999878,10.19999981,0
47,Tennessee,1994,747.9000244,9.300000191,0
47,Tennessee,1995,771.5,10.60000038,1
47,Tennessee,1996,774,9.5,1
47,Tennessee,1997,789.7000122,9.5,1
47,Tennessee,1998,715,8.5,1
47,Tennessee,1999,694.9000244,7.099999905,1
48,Texas,1977,407.7000122,13.30000019,0
48,Texas,1978,435.2999878,14.19999981,0
48,Texas,1979,507.8999939,16.70000076,0
48,Texas,1980,550.2999878,16.89999962,0
48,Texas,1981,532.4000244,16.60000038,0
48,Texas,1982,577.0999756,16.10000038,0
48,Texas,1983,512.2000122,14.19999981,0
48,Texas,1984,505,13.10000038,0
48,Texas,1985,550,13,0
48,Texas,1986,658.9000244,13.5,0
48,Texas,1987,631.0999756,11.69999981,0
48,Texas,1988,652.5999756,12.10000038,0
48,Texas,1989,658.5,11.89999962,0
48,Texas,1990,761.4000244,14.10000038,0
48,Texas,1991,840.0999756,15.30000019,0
48,Texas,1992,806.2999878,12.69999981,0
48,Texas,1993,762.0999756,11.89999962,0
48,Texas,1994,706.5,11,0
48,Texas,1995,663.9000244,9,0
48,Texas,1996,644.4000244,7.699999809,0
48,Texas,1997,602.5,6.800000191,1
48,Texas,1998,564.5999756,6.800000191,1
48,Texas,1999,560.2999878,6.099999905,1
49,Utah,1977,240,3.5,0
49,Utah,1978,271.7999878,3.700000048,0
49,Utah,1979,304.2000122,4.800000191,0
49,Utah,1980,303.2999878,3.799999952,0
49,Utah,1981,298.6000061,3.299999952,0
49,Utah,1982,285.7000122,3.400000095,0
49,Utah,1983,256,3.5,0
49,Utah,1984,244.1999969,2.799999952,0
49,Utah,1985,267.3999939,3,0
49,Utah,1986,266.7000122,3.200000048,0
49,Utah,1987,229.8000031,3.299999952,1
49,Utah,1988,243.1000061,2.799999952,1
49,Utah,1989,258.7999878,2.599999905,1
49,Utah,1990,283.8999939,3,1
49,Utah,1991,286.7999878,2.900000095,1
49,Utah,1992,290.5,3,1
49,Utah,1993,301,3.099999905,1
49,Utah,1994,304.5,2.900000095,1
49,Utah,1995,328.7999878,3.900000095,1
49,Utah,1996,331.8999939,3.200000048,1
49,Utah,1997,334,2.400000095,1
49,Utah,1998,314.2000122,3.099999905,1
49,Utah,1999,275.5,2.099999905,1
50,Vermont,1977,149.5,1.399999976,1
50,Vermont,1978,166.3000031,3.299999952,1
50,Vermont,1979,184.1999969,1.399999976,1
50,Vermont,1980,178.8000031,2.200000048,1
50,Vermont,1981,128,4.300000191,1
50,Vermont,1982,126.9000015,2.299999952,1
50,Vermont,1983,132.6000061,3.599999905,1
50,Vermont,1984,145.1000061,2.299999952,1
50,Vermont,1985,147.6999969,3.400000095,1
50,Vermont,1986,149.1999969,2,1
50,Vermont,1987,136.5,2.700000048,1
50,Vermont,1988,142.3000031,2,1
50,Vermont,1989,132.8000031,1.899999976,1
50,Vermont,1990,127.1999969,2.299999952,1
50,Vermont,1991,116.8000031,2.099999905,1
50,Vermont,1992,109.5,2.099999905,1
50,Vermont,1993,114.1999969,3.599999905,1
50,Vermont,1994,96.90000153,1,1
50,Vermont,1995,118.3000031,2.200000048,1
50,Vermont,1996,121.1999969,1.899999976,1
50,Vermont,1997,119.6999969,1.5,1
50,Vermont,1998,106.3000031,2.200000048,1
50,Vermont,1999,113.8000031,2.900000095,1
51,Virginia,1977,290,9,0
51,Virginia,1978,286.3999939,8.800000191,0
51,Virginia,1979,301,8.600000381,0
51,Virginia,1980,307.2000122,8.600000381,0
51,Virginia,1981,321.7000122,8.600000381,0
51,Virginia,1982,309.1000061,7.400000095,0
51,Virginia,1983,292.5,7,0
51,Virginia,1984,295.6000061,7.699999809,0
51,Virginia,1985,294.7000122,7.099999905,0
51,Virginia,1986,306,7.099999905,0
51,Virginia,1987,295,7.400000095,0
51,Virginia,1988,299.2000122,7.800000191,0
51,Virginia,1989,312.5,7.900000095,0
51,Virginia,1990,350.6000061,8.800000191,0
51,Virginia,1991,373.2000122,9.300000191,0
51,Virginia,1992,374.8999939,8.800000191,0
51,Virginia,1993,372.2000122,8.300000191,0
51,Virginia,1994,357.7000122,8.699999809,0
51,Virginia,1995,361.5,7.599999905,0
51,Virginia,1996,341.2999878,7.5,1
51,Virginia,1997,345.2000122,7.199999809,1
51,Virginia,1998,325.7000122,6.199999809,1
51,Virginia,1999,314.7000122,5.699999809,1
53,Washington,1977,374.8999939,4.300000191,1
53,Washington,1978,405.2999878,4.599999905,1
53,Washington,1979,434.6000061,4.800000191,1
53,Washington,1980,464.2999878,5.5,1
53,Washington,1981,447.2999878,5.099999905,1
53,Washington,1982,406.3999939,4.400000095,1
53,Washington,1983,371.7999878,4.900000095,1
53,Washington,1984,406.3999939,4.599999905,1
53,Washington,1985,425.3999939,5.199999809,1
53,Washington,1986,437,5,1
53,Washington,1987,439.5,5.599999905,1
53,Washington,1988,466.3999939,5.699999809,1
53,Washington,1989,471.7000122,4.400000095,1
53,Washington,1990,501.6000061,4.900000095,1
53,Washington,1991,522.5999756,4.199999809,1
53,Washington,1992,534.5,5,1
53,Washington,1993,514.5999756,5.199999809,1
53,Washington,1994,511.2999878,5.5,1
53,Washington,1995,484.2999878,5.099999905,1
53,Washington,1996,431.2000122,4.599999905,1
53,Washington,1997,440.7000122,4.300000191,1
53,Washington,1998,428.5,3.900000095,1
53,Washington,1999,377.2999878,3,1
54,West Virginia,1977,152.3000031,6,0
54,West Virginia,1978,167.6999969,6.800000191,0
54,West Virginia,1979,168.1000061,6.800000191,0
54,West Virginia,1980,183.6999969,7.099999905,0
54,West Virginia,1981,174.8000031,6,0
54,West Virginia,1982,174.8000031,5.199999809,0
54,West Virginia,1983,171.8000031,4.900000095,0
54,West Virginia,1984,168.1999969,4.400000095,0
54,West Virginia,1985,166,3.799999952,0
54,West Virginia,1986,164.5,5.900000095,0
54,West Virginia,1987,137.3000031,4.800000191,0
54,West Virginia,1988,131.3999939,4.900000095,0
54,West Virginia,1989,146.6999969,6.5,0
54,West Virginia,1990,169.3000031,5.699999809,1
54,West Virginia,1991,191,6.199999809,1
54,West Virginia,1992,211.5,6.300000191,1
54,West Virginia,1993,208.3999939,6.900000095,1
54,West Virginia,1994,215.8000031,5.400000095,1
54,West Virginia,1995,210.1999969,4.900000095,1
54,West Virginia,1996,210.1000061,3.799999952,1
54,West Virginia,1997,218.6999969,4.099999905,1
54,West Virginia,1998,248.6000061,4.300000191,1
54,West Virginia,1999,350.6000061,4.400000095,1
55,Wisconsin,1977,131.5,2.799999952,0
55,Wisconsin,1978,132.1999969,2.5,0
55,Wisconsin,1979,166.1000061,3.400000095,0
55,Wisconsin,1980,182.6000061,2.900000095,0
55,Wisconsin,1981,187.8999939,3.400000095,0
55,Wisconsin,1982,190.5,3.099999905,0
55,Wisconsin,1983,190.8999939,2.799999952,0
55,Wisconsin,1984,196.5,2.5,0
55,Wisconsin,1985,206.8999939,2.799999952,0
55,Wisconsin,1986,257.8999939,3.099999905,0
55,Wisconsin,1987,249.8999939,3.5,0
55,Wisconsin,1988,214.3999939,3,0
55,Wisconsin,1989,222.6000061,3.599999905,0
55,Wisconsin,1990,264.7000122,4.599999905,0
55,Wisconsin,1991,277,4.800000191,0
55,Wisconsin,1992,275.7000122,4.400000095,0
55,Wisconsin,1993,264.3999939,4.400000095,0
55,Wisconsin,1994,270.5,4.5,0
55,Wisconsin,1995,281.1000061,4.300000191,0
55,Wisconsin,1996,252.6999969,4,0
55,Wisconsin,1997,270.6000061,4,0
55,Wisconsin,1998,249,3.599999905,0
55,Wisconsin,1999,245.8999939,3.400000095,0
56,Wyoming,1977,240.8999939,5.400000095,0
56,Wyoming,1978,280.3999939,7.099999905,0
56,Wyoming,1979,350.8999939,9.100000381,0
56,Wyoming,1980,392.6000061,6.199999809,0
56,Wyoming,1981,430.1000061,5.5,0
56,Wyoming,1982,304.2000122,9.199999809,0
56,Wyoming,1983,237.1999969,5.800000191,0
56,Wyoming,1984,242.1000061,3.299999952,0
56,Wyoming,1985,256.7999878,4.300000191,0
56,Wyoming,1986,293.1000061,5.300000191,0
56,Wyoming,1987,283.1000061,2,0
56,Wyoming,1988,314,2.5,0
56,Wyoming,1989,258.2999878,4.400000095,0
56,Wyoming,1990,301.3999939,4.900000095,0
56,Wyoming,1991,310.2000122,3.299999952,0
56,Wyoming,1992,319.5,3.599999905,0
56,Wyoming,1993,286.2000122,3.400000095,0
56,Wyoming,1994,272.5,3.400000095,0
56,Wyoming,1995,254.1999969,2.099999905,1
56,Wyoming,1996,249.6999969,3.299999952,1
56,Wyoming,1997,255.1999969,3.5,1
56,Wyoming,1998,247.6000061,4.800000191,1
56,Wyoming,1999,232.3000031,2.299999952,1
